,dist,cross_corr
0,2.388215057605554,0.9185625693591994
1,7.164645172816662,0.8212878608794192
2,11.941075288027768,0.7544116076858773
3,16.717505403238878,0.7084342584745315
4,21.493935518449984,0.6768248823573572
5,26.270365633661093,0.65509347165936
6,31.0467957488722,0.6401531511299576
7,35.82322586408331,0.6298816974897272
8,40.59965597929441,0.6228200846096171
9,45.376086094505524,0.617965233659093
