,dist,cross_corr
0,2.388215057605554,0.8701227345011603
1,7.164645172816662,0.8395614294941683
2,11.941075288027768,0.802821120446313
3,16.717505403238878,0.7679651317202452
4,21.493935518449984,0.7366716701701974
5,26.270365633661093,0.7088057873135537
6,31.0467957488722,0.6838903234313771
7,35.82322586408331,0.6614993724392348
8,40.59965597929441,0.6413154539059981
9,45.376086094505524,0.6231036726868961
