,dist,cross_corr
0,2.388215057605554,0.8395110550261827
1,7.164645172816662,0.801746542670947
2,11.941075288027768,0.7563466536722449
3,16.717505403238878,0.7132752136078107
4,21.493935518449984,0.6746059776221581
5,26.270365633661093,0.6401721902826278
6,31.0467957488722,0.6093842267647214
7,35.82322586408331,0.5817157962053987
8,40.59965597929441,0.5567745889941521
9,45.376086094505524,0.5342703459095627
