,dist,cross_corr
0,2.388215057605554,0.8611123297780118
1,7.164645172816662,0.8284307943679318
2,11.941075288027768,0.7891415784509394
3,16.717505403238878,0.7518674100362164
4,21.493935518449984,0.7184029237677838
5,26.270365633661093,0.688603808935999
6,31.0467957488722,0.6619598022439542
7,35.82322586408331,0.6380154498169998
8,40.59965597929441,0.6164312456049337
9,45.376086094505524,0.5969559983058887
