,dist,cross_corr
0,2.388215057605554,0.8373348005883812
1,7.164645172816662,0.7990581957172534
2,11.941075288027768,0.7530426773371927
3,16.717505403238878,0.7093871820121422
4,21.493935518449984,0.670193585320935
5,26.270365633661093,0.6352928706019508
6,31.0467957488722,0.6040874176286325
7,35.82322586408331,0.5760437989540067
8,40.59965597929441,0.5507643851897388
9,45.376086094505524,0.5279549811553396
