,dist,cross_corr
0,2.388215057605554,0.845564467563927
1,7.164645172816662,0.8092243783838219
2,11.941075288027768,0.765536908002625
3,16.717505403238878,0.7240900608056139
4,21.493935518449984,0.6868793728712228
5,26.270365633661093,0.6537443785422461
6,31.0467957488722,0.6241176927958476
7,35.82322586408331,0.5974928757045732
8,40.59965597929441,0.5734924150130551
9,45.376086094505524,0.5518369996608864
