,dist,cross_corr
0,2.388215057605554,0.8899973433825258
1,7.164645172816662,0.8641127150947826
2,11.941075288027768,0.8329946315357534
3,16.717505403238878,0.80347251814532
4,21.493935518449984,0.7769677723605946
5,26.270365633661093,0.7533660963363212
6,31.0467957488722,0.73226334823511
7,35.82322586408331,0.7132987967112768
8,40.59965597929441,0.696203544119694
9,45.376086094505524,0.6807786403989168
