,dist,cross_corr
0,2.388215057605554,0.8740804071998287
1,7.164645172816662,0.8444503786714207
2,11.941075288027768,0.8088296352188283
3,16.717505403238878,0.7750357923150984
4,21.493935518449984,0.744695917814699
5,26.270365633661093,0.7176791754398975
6,31.0467957488722,0.6935229456761974
7,35.82322586408331,0.6718143008220729
8,40.59965597929441,0.6522454348388289
9,45.376086094505524,0.6345886104017945
