,dist,cross_corr
0,2.388215057605554,0.8638680446521414
1,7.164645172816662,0.8318349540830975
2,11.941075288027768,0.7933252881183961
3,16.717505403238878,0.7567906884512595
4,21.493935518449984,0.7239901818033189
5,26.270365633661093,0.6947823207800732
6,31.0467957488722,0.6686669663825792
7,35.82322586408331,0.6451977015428014
8,40.59965597929441,0.6240417564591259
9,45.376086094505524,0.6049529237969854
