,dist,cross_corr
0,2.388215057605554,0.8639422892171786
1,7.164645172816662,0.8319266690713724
2,11.941075288027768,0.7934380057683307
3,16.717505403238878,0.7569233315878602
4,21.493935518449984,0.7241407139017203
5,26.270365633661093,0.6949487824589453
6,31.0467957488722,0.668847671029776
7,35.82322586408331,0.6453912060161328
8,40.59965597929441,0.6242467991046422
9,45.376086094505524,0.6051683772389561
