,dist,cross_corr
0,2.388215057605554,0.8382161274536437
1,7.164645172816662,0.8001469068313043
2,11.941075288027768,0.7543807024576444
3,16.717505403238878,0.7109617344352098
4,21.493935518449984,0.6719804902928895
5,26.270365633661093,0.6372688691084163
6,31.0467957488722,0.6062324885866585
7,35.82322586408331,0.5783408114128976
8,40.59965597929441,0.5531983625714845
9,45.376086094505524,0.5305125408437423
