,dist,cross_corr
0,2.388215057605554,0.8554436800022375
1,7.164645172816662,0.8435485609809102
2,11.941075288027768,0.8255345725006252
3,16.717505403238878,0.8049302349106083
4,21.493935518449984,0.7836715786740835
5,26.270365633661093,0.762765729881099
6,31.0467957488722,0.7426914290526483
7,35.82322586408331,0.7236370886588972
8,40.59965597929441,0.7056395432183382
9,45.376086094505524,0.6886628501924114
