,dist,cross_corr
0,2.388215057605554,0.8382161203226992
1,7.164645172816662,0.8001468980223835
2,11.941075288027768,0.7543806916314877
3,16.717505403238878,0.7109617216952762
4,21.493935518449984,0.6719804758347803
5,26.270365633661093,0.6372688531203238
6,31.0467957488722,0.6062324712305758
7,35.82322586408331,0.5783407928274343
8,40.59965597929441,0.5531983428778178
9,45.376086094505524,0.5305125201501532
