,dist,cross_corr
0,2.388215057605554,0.8808012191316777
1,7.164645172816662,0.8527526589422817
2,11.941075288027768,0.8190331312758413
3,16.717505403238878,0.7870429954645483
4,21.493935518449984,0.7583224765069886
5,26.270365633661093,0.7327477213597061
6,31.0467957488722,0.7098808022871709
7,35.82322586408331,0.6893308311240535
8,40.59965597929441,0.670806430621266
9,45.376086094505524,0.6540920186691838
