,dist,cross_corr
0,2.388215057605554,0.893057995640584
1,7.164645172816662,0.8678935667412369
2,11.941075288027768,0.8376412952965695
3,16.717505403238878,0.808940588641114
4,21.493935518449984,0.7831732960464273
5,26.270365633661093,0.760228299826432
6,31.0467957488722,0.7397127027596891
7,35.82322586408331,0.721275810287276
8,40.59965597929441,0.7046562064214187
9,45.376086094505524,0.6896604765756642
