,dist,cross_corr
0,2.388215057605554,0.8398900581919889
1,7.164645172816662,0.8022147287380433
2,11.941075288027768,0.756922053988027
3,16.717505403238878,0.7139523294164757
4,21.493935518449984,0.6753744128850089
5,26.270365633661093,0.6410219427627769
6,31.0467957488722,0.6103066866556138
7,35.82322586408331,0.5827035965643003
8,40.59965597929441,0.5578212893383058
9,45.376086094505524,0.5353701912187762
