,dist,cross_corr
0,2.388215057605554,0.8526985141987365
1,7.164645172816662,0.8180371312518057
2,11.941075288027768,0.7763677744882462
3,16.717505403238878,0.7368355368121479
4,21.493935518449984,0.7013437718409494
5,26.270365633661093,0.6697394265216813
6,31.0467957488722,0.6414813258050083
7,35.82322586408331,0.6160864244188584
8,40.59965597929441,0.5931946490352445
9,45.376086094505524,0.5725395911822964
