,dist,cross_corr
0,2.388215057605554,0.8873924955161357
1,7.164645172816662,0.8608949227701318
2,11.941075288027768,0.8290399672476667
3,16.717505403238878,0.7988187742491487
4,21.493935518449984,0.7716863997086321
5,26.270365633661093,0.7475258392235147
6,31.0467957488722,0.7259233809329618
7,35.82322586408331,0.7065097514223515
8,40.59965597929441,0.6890096855870902
9,45.376086094505524,0.6732195222554831
