,dist,cross_corr
0,2.388215057605554,0.816627488062565
1,7.164645172816662,0.8015382975327471
2,11.941075288027768,0.7786872017266764
3,16.717505403238878,0.7525501975421013
4,21.493935518449984,0.7255831773899122
5,26.270365633661093,0.6990637003624594
6,31.0467957488722,0.673599058149945
7,35.82322586408331,0.6494282556463455
8,40.59965597929441,0.6265980181569398
9,45.376086094505524,0.605062751870394
