,dist,cross_corr
0,2.388215057605554,0.8508542064224569
1,7.164645172816662,0.8157588410363272
2,11.941075288027768,0.7735677575685627
3,16.717505403238878,0.733540551271047
4,21.493935518449984,0.6976044069524564
5,26.270365633661093,0.6656043552387857
6,31.0467957488722,0.6369924452267673
7,35.82322586408331,0.611279583611978
8,40.59965597929441,0.5881011887206027
9,45.376086094505524,0.5671875164781901
