,dist,cross_corr
0,2.388215057605554,0.8701227337561533
1,7.164645172816662,0.8395614285738544
2,11.941075288027768,0.802821119315248
3,16.717505403238878,0.7679651303892379
4,21.493935518449984,0.7366716686596835
5,26.270365633661093,0.7088057856431942
6,31.0467957488722,0.6838903216180966
7,35.82322586408331,0.6614993704975146
8,40.59965597929441,0.641315451848498
9,45.376086094505524,0.6231036705249289
