,dist,cross_corr
0,2.388215057605554,0.8806409146899428
1,7.164645172816662,0.852554633403486
2,11.941075288027768,0.8187897580412156
3,16.717505403238878,0.7867566003061669
4,21.493935518449984,0.7579974565680158
5,26.270365633661093,0.73238830721958
6,31.0467957488722,0.7094906355783571
7,35.82322586408331,0.6889130277931956
8,40.59965597929441,0.6703637147564089
9,45.376086094505524,0.6536268244328418
