,dist,cross_corr
0,2.388215057605554,0.865118818065318
1,7.164645172816662,0.8333800458870093
2,11.941075288027768,0.7952242047551024
3,16.717505403238878,0.7590252831130697
4,21.493935518449984,0.7265261458353782
5,26.270365633661093,0.6975866451389218
6,31.0467957488722,0.6717112372761895
7,35.82322586408331,0.6484576068362367
8,40.59965597929441,0.6274960414892926
9,45.376086094505524,0.6085825960411341
