,dist,cross_corr
0,2.388215057605554,0.8593927417054417
1,7.164645172816662,0.8263065715398459
2,11.941075288027768,0.7865309102316715
3,16.717505403238878,0.7487952450165596
4,21.493935518449984,0.71491643016626
5,26.270365633661093,0.6847483682396326
6,31.0467957488722,0.657774478297045
7,35.82322586408331,0.6335336674244058
8,40.59965597929441,0.6116822260986373
9,45.376086094505524,0.5919658529825039
