,dist,cross_corr
0,2.388215057605554,0.9506322856094231
1,7.164645172816662,0.8903960337785002
2,11.941075288027768,0.8377396047358223
3,16.717505403238878,0.7917091922309194
4,21.493935518449984,0.7514710121284629
5,26.270365633661093,0.7162961994372822
6,31.0467957488722,0.6855476058202437
7,35.82322586408331,0.6586682584381651
8,40.59965597929441,0.6351712710739661
9,45.376086094505524,0.6146310247895106
