,dist,cross_corr
0,2.388215057605554,0.9014441312899617
1,7.164645172816662,0.8782530365875294
2,11.941075288027768,0.8503730757569788
3,16.717505403238878,0.8239230097238625
4,21.493935518449984,0.8001763264520569
5,26.270365633661093,0.7790306218380862
6,31.0467957488722,0.7601238087188692
7,35.82322586408331,0.743132693162204
8,40.59965597929441,0.7278163587954817
9,45.376086094505524,0.7139965581405181
