,dist,cross_corr
0,2.388215057605554,0.8647600180102281
1,7.164645172816662,0.8329368169068261
2,11.941075288027768,0.7946794766799101
3,16.717505403238878,0.7583842615824594
4,21.493935518449984,0.725798672717687
5,26.270365633661093,0.6967821894926434
6,31.0467957488722,0.6708379499542582
7,35.82322586408331,0.64752246207976
8,40.59965597929441,0.6265051364651985
9,45.376086094505524,0.6075413789929948
