,dist,cross_corr
0,2.388215057605554,0.8660550773849797
1,7.164645172816662,0.8278503076307866
2,11.941075288027768,0.804244630461375
3,16.717505403238878,0.7864747586736937
4,21.493935518449984,0.772914155321069
5,26.270365633661093,0.7626454860234168
6,31.0467957488722,0.7549462481976686
7,35.82322586408331,0.7492162988855565
8,40.59965597929441,0.7449739824694954
9,45.376086094505524,0.7418448098790421
