,dist,cross_corr
0,2.388215057605554,0.8882826320961305
1,7.164645172816662,0.8324581168656722
2,11.941075288027768,0.7836494488362437
3,16.717505403238878,0.7447383192351471
4,21.493935518449984,0.7132387365806757
5,26.270365633661093,0.6876127574147449
6,31.0467957488722,0.6668535315360267
7,35.82322586408331,0.6501404021793072
8,40.59965597929441,0.6367568766078981
9,45.376086094505524,0.6260838305744204
