,dist,cross_corr
0,2.388215057605554,0.8652850937693077
1,7.164645172816662,0.8006734803370839
2,11.941075288027768,0.7885281488833829
3,16.717505403238878,0.7864392014232838
4,21.493935518449984,0.7860942379967711
5,26.270365633661093,0.7860389056249089
6,31.0467957488722,0.7860302503563478
7,35.82322586408331,0.7860289310455019
8,40.59965597929441,0.7860287359950868
9,45.376086094505524,0.7860287082937396
