,dist,cross_corr
0,2.388215057605554,0.8370253861039014
1,7.164645172816662,0.7816392057177088
2,11.941075288027768,0.7763714290701285
3,16.717505403238878,0.7759113903039778
4,21.493935518449984,0.7758726911578773
5,26.270365633661093,0.775869529829022
6,31.0467957488722,0.775869280686174
7,35.82322586408331,0.7758692621191673
8,40.59965597929441,0.7758692608700732
9,45.376086094505524,0.7758692608040262
