,dist,cross_corr
0,2.388215057605554,0.888308993750681
1,7.164645172816662,0.8324976512847942
2,11.941075288027768,0.7837005005088581
3,16.717505403238878,0.7447985526650475
4,21.493935518449984,0.7133064028845509
5,26.270365633661093,0.6876864706137714
6,31.0467957488722,0.6669321432351845
7,35.82322586408331,0.6502229576318028
8,40.59965597929441,0.6368425901358514
9,45.376086094505524,0.6261720625930777
