,dist,cross_corr
0,2.388215057605554,0.7982678237494705
1,7.164645172816662,0.7816678698562851
2,11.941075288027768,0.7565288714428215
3,16.717505403238878,0.7277749721854314
4,21.493935518449984,0.6981079539130902
5,26.270365633661093,0.6689332877799279
6,31.0467957488722,0.6409190688727653
7,35.82322586408331,0.6143282317878889
8,40.59965597929441,0.5892121800722118
9,45.376086094505524,0.5655207549604601
