,dist,cross_corr
0,2.388215057605554,0.9028766924347749
1,7.164645172816662,0.8543447437849213
2,11.941075288027768,0.8119121358044842
3,16.717505403238878,0.778084113547376
4,21.493935518449984,0.750699439957868
5,26.270365633661093,0.7284210789215215
6,31.0467957488722,0.7103737088691798
7,35.82322586408331,0.6958438785183001
8,40.59965597929441,0.6842086932756838
9,45.376086094505524,0.6749299074251325
