,dist,cross_corr
0,2.388215057605554,0.8604680508656042
1,7.164645172816662,0.7907447521007146
2,11.941075288027768,0.7297840553658969
3,16.717505403238878,0.6811851145017161
4,21.493935518449984,0.6418429938702995
5,26.270365633661093,0.6098368439887831
6,31.0467957488722,0.5839091363840786
7,35.82322586408331,0.5630348931125666
8,40.59965597929441,0.5463192342646458
9,45.376086094505524,0.5329888905213729
