,dist,cross_corr
0,2.388215057605554,0.8802200952314438
1,7.164645172816662,0.8203667774929807
2,11.941075288027768,0.768035634017817
3,16.717505403238878,0.7263163249658281
4,21.493935518449984,0.6925434471994235
5,26.270365633661093,0.6650680653345604
6,31.0467957488722,0.642810665742391
7,35.82322586408331,0.6248913656345062
8,40.59965597929441,0.6105419636705222
9,45.376086094505524,0.5990986539912213
