,dist,cross_corr
0,2.388215057605554,0.8390222670556546
1,7.164645172816662,0.7753461568912303
2,11.941075288027768,0.7425817468299469
3,16.717505403238878,0.72259745171703
4,21.493935518449984,0.7106931805240606
5,26.270365633661093,0.7037193049329348
6,31.0467957488722,0.6996735798718573
7,35.82322586408331,0.6973425687833672
8,40.59965597929441,0.6960068014241537
9,45.376086094505524,0.6952448639529258
