,dist,cross_corr
0,2.388215057605554,0.8869232581432256
1,7.164645172816662,0.8150833991285185
2,11.941075288027768,0.7737466737027652
3,16.717505403238878,0.7479867647424465
4,21.493935518449984,0.7321820857361188
5,26.270365633661093,0.7226382315289099
6,31.0467957488722,0.7169309979132846
7,35.82322586408331,0.7135409283359408
8,40.59965597929441,0.71153778502962
9,45.376086094505524,0.7103593579096533
