,dist,cross_corr
0,2.388215057605554,0.8011426454528744
1,7.164645172816662,0.7335612767818354
2,11.941075288027768,0.7271335064726725
3,16.717505403238878,0.7265721553655244
4,21.493935518449984,0.7265249329545918
5,26.270365633661093,0.7265210753083496
6,31.0467957488722,0.7265207712853654
7,35.82322586408331,0.7265207486282511
8,40.59965597929441,0.7265207471039797
9,45.376086094505524,0.7265207470233811
