,dist,cross_corr
0,2.388215057605554,0.8398672353152159
1,7.164645172816662,0.826690375976453
2,11.941075288027768,0.8067353177791183
3,16.717505403238878,0.7839107913741912
4,21.493935518449984,0.7603614412199341
5,26.270365633661093,0.7372029147345166
6,31.0467957488722,0.7149655383899636
7,35.82322586408331,0.6938580267533674
8,40.59965597929441,0.6739211833903006
9,45.376086094505524,0.6551151928290534
