,dist,cross_corr
0,2.388215057605554,0.8821256784556921
1,7.164645172816662,0.8251566959754074
2,11.941075288027768,0.7743842499916218
3,16.717505403238878,0.7335716054962076
4,21.493935518449984,0.7003096637849154
5,26.270365633661093,0.6730225624762931
6,31.0467957488722,0.6507037208844841
7,35.82322586408331,0.6325515978015149
8,40.59965597929441,0.6178657262669884
9,45.376086094505524,0.6060335386855802
