,dist,cross_corr
0,2.388215057605554,0.877306923695051
1,7.164645172816662,0.8672108673914404
2,11.941075288027768,0.8519213825511907
3,16.717505403238878,0.8344333227819326
4,21.493935518449984,0.8163899059890246
5,26.270365633661093,0.7986459367096662
6,31.0467957488722,0.7816077489406935
7,35.82322586408331,0.7654352589388231
8,40.59965597929441,0.7501597302308811
9,45.376086094505524,0.7357506563635609
