,dist,cross_corr
0,2.388215057605554,0.873756911482414
1,7.164645172816662,0.810673978632132
2,11.941075288027768,0.7555191077819103
3,16.717505403238878,0.7115486735448865
4,21.493935518449984,0.6759534507435648
5,26.270365633661093,0.6469955293666653
6,31.0467957488722,0.6235371464908832
7,35.82322586408331,0.6046509418803186
8,40.59965597929441,0.5895272629475798
9,45.376086094505524,0.5774664856446631
