,dist,cross_corr
0,2.388215057605554,0.8919798035066088
1,7.164645172816662,0.8671510687376084
2,11.941075288027768,0.8370878211567212
3,16.717505403238878,0.8084215297172731
4,21.493935518449984,0.7826039699741052
5,26.270365633661093,0.759569705272113
6,31.0467957488722,0.7389449569597701
7,35.82322586408331,0.7203844423858833
8,40.59965597929441,0.7036275993472907
9,45.376086094505524,0.6884815156389972
