,dist,cross_corr
0,2.388215057605554,0.8122123715028912
1,7.164645172816662,0.7967598738760806
2,11.941075288027768,0.7733585851843143
3,16.717505403238878,0.7465922722839653
4,21.493935518449984,0.7189759588654027
5,26.270365633661093,0.6918179642055047
6,31.0467957488722,0.6657402019439125
7,35.82322586408331,0.6409874315691922
8,40.59965597929441,0.6176075034062185
9,45.376086094505524,0.595553725867391
