,dist,cross_corr
0,2.388215057605554,0.8259165829491825
1,7.164645172816662,0.8115917650132328
2,11.941075288027768,0.7898982363635645
3,16.717505403238878,0.7650852534805315
4,21.493935518449984,0.739484300719558
5,26.270365633661093,0.7143082199069942
6,31.0467957488722,0.6901335391792556
7,35.82322586408331,0.6671871561678109
8,40.59965597929441,0.6455134292157941
9,45.376086094505524,0.6250690741559678
