,dist,cross_corr
0,2.388215057605554,0.8288501246421953
1,7.164645172816662,0.7687909941241554
2,11.941075288027768,0.7465441591348468
3,16.717505403238878,0.7352699965721494
4,21.493935518449984,0.7296287430409346
5,26.270365633661093,0.7268483542087714
6,31.0467957488722,0.72549209416456
7,35.82322586408331,0.7248358294402186
8,40.59965597929441,0.7245204036517933
9,45.376086094505524,0.724369672649697
