,dist,cross_corr
0,2.388215057605554,0.8359211511277763
1,7.164645172816662,0.7572264501075979
2,11.941075288027768,0.7424339994497517
3,16.717505403238878,0.7398897818183534
4,21.493935518449984,0.7394696399981492
5,26.270365633661093,0.7394022495399514
6,31.0467957488722,0.7393917081941905
7,35.82322586408331,0.7393901014041813
8,40.59965597929441,0.7393898638539895
9,45.376086094505524,0.7393898301170365
