,dist,cross_corr
0,2.388215057605554,0.8610085805061585
1,7.164645172816662,0.791555381240727
2,11.941075288027768,0.7308308387608912
3,16.717505403238878,0.682420164227107
4,21.493935518449984,0.6432304501409689
5,26.270365633661093,0.611348288154686
6,31.0467957488722,0.5855210213060871
7,35.82322586408331,0.56472764229027
8,40.59965597929441,0.5480767378525379
9,45.376086094505524,0.5347980342243547
