,dist,cross_corr
0,2.388215057605554,0.8593202123170548
1,7.164645172816662,0.8099445165597997
2,11.941075288027768,0.7916521609414645
3,16.717505403238878,0.7823819406518391
4,21.493935518449984,0.7777433980059754
5,26.270365633661093,0.7754572124476555
6,31.0467957488722,0.7743420223376066
7,35.82322586408331,0.7738024061089281
8,40.59965597929441,0.7735430460244002
9,45.376086094505524,0.7734191068701547
