,dist,cross_corr
0,2.388215057605554,0.9093628895415792
1,7.164645172816662,0.8640720556438035
2,11.941075288027768,0.8244732294405369
3,16.717505403238878,0.7929043479148707
4,21.493935518449984,0.7673485081558803
5,26.270365633661093,0.7465579654869349
6,31.0467957488722,0.7297158550406905
7,35.82322586408331,0.7161563720343029
8,40.59965597929441,0.7052982207163923
9,45.376086094505524,0.696639101096813
