,dist,cross_corr
0,2.388215057605554,0.8426484400960803
1,7.164645172816662,0.8297004380074993
2,11.941075288027768,0.810091961619141
3,16.717505403238878,0.7876638542861214
4,21.493935518449984,0.7645235120283072
5,26.270365633661093,0.7417672055676658
6,31.0467957488722,0.719916050603385
7,35.82322586408331,0.6991751367232905
8,40.59965597929441,0.6795845588118059
9,45.376086094505524,0.6611051929170397
