,dist,cross_corr
0,2.388215057605554,0.8311193646187801
1,7.164645172816662,0.8172226684501998
2,11.941075288027768,0.796177488133299
3,16.717505403238878,0.7721060838262092
4,21.493935518449984,0.7472702594732455
5,26.270365633661093,0.722846609041375
6,31.0467957488722,0.6993944301342545
7,35.82322586408331,0.6771338391582491
8,40.59965597929441,0.6561078687312832
9,45.376086094505524,0.6362745283077389
