,dist,cross_corr
0,2.388215057605554,0.868294836397265
1,7.164645172816662,0.7846209582882873
2,11.941075288027768,0.7364753811776282
3,16.717505403238878,0.7064724218764767
4,21.493935518449984,0.6880644735145992
5,26.270365633661093,0.6769486025282833
6,31.0467957488722,0.6703013014392318
7,35.82322586408331,0.66635283626189
8,40.59965597929441,0.6640197450347962
9,45.376086094505524,0.6626472131911256
