,dist,cross_corr
0,2.388215057605554,0.8194767403481649
1,7.164645172816662,0.732004324774992
2,11.941075288027768,0.713535482572029
3,16.717505403238878,0.709796683042466
4,21.493935518449984,0.7090587965976912
5,26.270365633661093,0.7089165173127271
6,31.0467957488722,0.708889652530475
7,35.82322586408331,0.708884683432019
8,40.59965597929441,0.7088837847846517
9,45.376086094505524,0.7088836265979046
