,dist,cross_corr
0,2.388215057605554,0.8915441203163025
1,7.164645172816662,0.8606086580497854
2,11.941075288027768,0.8414942266735068
3,16.717505403238878,0.827105270661336
4,21.493935518449984,0.8161247229272971
5,26.270365633661093,0.8078097821789594
6,31.0467957488722,0.8015754099859536
7,35.82322586408331,0.7969356472630384
8,40.59965597929441,0.7935004787311902
9,45.376086094505524,0.7909666660309516
