,dist,cross_corr
0,2.388215057605554,0.8166391016348292
1,7.164645172816662,0.8015508667520863
2,11.941075288027768,0.7787012181795712
3,16.717505403238878,0.7525658693357211
4,21.493935518449984,0.7256005570918438
5,26.270365633661093,0.6990827596283539
6,31.0467957488722,0.6736197301737139
7,35.82322586408331,0.649450458484949
8,40.59965597929441,0.6266216669080746
9,45.376086094505524,0.6050877645193595
