,dist,cross_corr
0,2.388215057605554,0.9720614248912627
1,7.164645172816662,0.9218769870312351
2,11.941075288027768,0.8753983887994992
3,16.717505403238878,0.8323519746977326
4,21.493935518449984,0.7924842971532853
5,26.270365633661093,0.7555606242770629
6,31.0467957488722,0.7213635578151326
7,35.82322586408331,0.6896917531568598
8,40.59965597929441,0.6603587338632753
9,45.376086094505524,0.6331917937358816
