,dist,cross_corr
0,2.388215057605554,0.8416238269757617
1,7.164645172816662,0.6795197564169871
2,11.941075288027768,0.6138586352308104
3,16.717505403238878,0.587262246746768
4,21.493935518449984,0.5764892372760887
5,26.270365633661093,0.5721255721444495
6,31.0467957488722,0.5703580462332444
7,35.82322586408331,0.5696421004050163
8,40.59965597929441,0.5693521027163218
9,45.376086094505524,0.5692346376007609
