,dist,cross_corr
0,2.388215057605554,0.9761551590988731
1,7.164645172816662,0.9297717028471233
2,11.941075288027768,0.8864417292216116
3,16.717505403238878,0.8459642235308469
4,21.493935518449984,0.8081514041392095
5,26.270365633661093,0.7728278513178504
6,31.0467957488722,0.7398296934444573
7,35.82322586408331,0.7090038467765378
8,40.59965597929441,0.6802073052714053
9,45.376086094505524,0.6533064771582292
