,dist,cross_corr
0,2.388215057605554,0.7940439289390585
1,7.164645172816662,0.623221178604952
2,11.941075288027768,0.5733387696092755
3,16.717505403238878,0.5587724737128258
4,21.493935518449984,0.5545189306218874
5,26.270365633661093,0.5532768421077525
6,31.0467957488722,0.5529141365129197
7,35.82322586408331,0.5528082218804068
8,40.59965597929441,0.5527772934647989
9,45.376086094505524,0.5527682619752933
