,dist,cross_corr
0,2.388215057605554,0.9810987034990949
1,7.164645172816662,0.9427962793657144
2,11.941075288027768,0.907232452119484
3,16.717505403238878,0.8742114139732988
4,21.493935518449984,0.8435513572616747
5,26.270365633661093,0.8150834734417169
6,31.0467957488722,0.7886510236648263
7,35.82322586408331,0.7641084758018895
8,40.59965597929441,0.7413207031705702
9,45.376086094505524,0.7201622405530479
