,dist,cross_corr
0,2.388215057605554,0.9774622186301696
1,7.164645172816662,0.9275264261738574
2,11.941075288027768,0.8810445809517125
3,16.717505403238878,0.8377777811478306
4,21.493935518449984,0.7975036492513348
5,26.270365633661093,0.7600151891071012
6,31.0467957488722,0.7251197220217369
7,35.82322586408331,0.6926378964567295
8,40.59965597929441,0.6624027662189085
9,45.376086094505524,0.6342589324104166
