,dist,cross_corr
0,2.388215057605554,0.9793633953682996
1,7.164645172816662,0.9396897729295985
2,11.941075288027768,0.9030744436951013
3,16.717505403238878,0.8692816551232463
4,21.493935518449984,0.8380938279662479
5,26.270365633661093,0.8093101553579173
6,31.0467957488722,0.7827453098926362
7,35.82322586408331,0.7582282503708425
8,40.59965597929441,0.7356011205281049
9,45.376086094505524,0.7147182326571105
