,dist,cross_corr
0,2.388215057605554,0.9783121909256765
1,7.164645172816662,0.9317036751023049
2,11.941075288027768,0.8895005206949214
3,16.717505403238878,0.8512863400785897
4,21.493935518449984,0.8166841019121902
5,26.270365633661093,0.7853524112462251
6,31.0467957488722,0.7569821412288078
7,35.82322586408331,0.731293383177348
8,40.59965597929441,0.7080326849245184
9,45.376086094505524,0.6869705501912884
