,dist,cross_corr
0,2.388215057605554,0.867075910599374
1,7.164645172816662,0.7381484975830938
2,11.941075288027768,0.6902265209894296
3,16.717505403238878,0.6724140497165149
4,21.493935518449984,0.6657932015086311
5,26.270365633661093,0.6633322498349297
6,31.0467957488722,0.6624175206416094
7,35.82322586408331,0.6620775182327632
8,40.59965597929441,0.6619511402414786
9,45.376086094505524,0.6619041658781636
