,dist,cross_corr
0,2.388215057605554,0.9800211046712687
1,7.164645172816662,0.9419819442128945
2,11.941075288027768,0.9063778453621556
3,16.717505403238878,0.8730529286264046
4,21.493935518449984,0.8418612930762273
5,26.270365633661093,0.8126663775717171
6,31.0467957488722,0.7853403628795943
7,35.82322586408331,0.759763612063557
8,40.59965597929441,0.7358241466978215
9,45.376086094505524,0.7134171566106402
