,dist,cross_corr
0,2.388215057605554,0.7749986743307062
1,7.164645172816662,0.5850074532274411
2,11.941075288027768,0.527945981852187
3,16.717505403238878,0.5108082872966094
4,21.493935518449984,0.5056611964908221
5,26.270365633661093,0.5041153325662956
6,31.0467957488722,0.5036510517981255
7,35.82322586408331,0.5035116109144405
8,40.59965597929441,0.5034697316005085
9,45.376086094505524,0.503457153675806
