,dist,cross_corr
0,2.388215057605554,0.9774294686544307
1,7.164645172816662,0.9373447824362244
2,11.941075288027768,0.8998164172745069
3,16.717505403238878,0.8646813488834382
4,21.493935518449984,0.8317869495264325
5,26.270365633661093,0.800990324996929
6,31.0467957488722,0.7721576938818928
7,35.82322586408331,0.7451638064115524
8,40.59965597929441,0.7198914003708353
9,45.376086094505524,0.6962306917089711
