,dist,cross_corr
0,2.388215057605554,0.9752274367756881
1,7.164645172816662,0.9286891457752544
2,11.941075288027768,0.8856600086248894
3,16.717505403238878,0.8458754225538692
4,21.493935518449984,0.8090907367882385
5,26.270365633661093,0.7750797480987814
6,31.0467957488722,0.7436333097900665
7,35.82322586408331,0.7145580455766988
8,40.59965597929441,0.6876751604379119
9,45.376086094505524,0.662819341137981
