,dist,cross_corr
0,2.388215057605554,0.9765140956435138
1,7.164645172816662,0.9243911993527787
2,11.941075288027768,0.8752009968619847
3,16.717505403238878,0.8287784802084847
4,21.493935518449984,0.7849679255996108
5,26.270365633661093,0.7436223710390221
6,31.0467957488722,0.7046031233443956
7,35.82322586408331,0.6677792929027573
8,40.59965597929441,0.6330273546027972
9,45.376086094505524,0.6002307334713181
