,dist,cross_corr
0,2.388215057605554,0.9745521166231208
1,7.164645172816662,0.9258526588371963
2,11.941075288027768,0.8806750605496232
3,16.717505403238878,0.8387646270494122
4,21.493935518449984,0.7998850827010187
5,26.270365633661093,0.7638172389090643
6,31.0467957488722,0.7303577584135175
7,35.82322586408331,0.6993180089488817
8,40.59965597929441,0.6705229998047447
9,45.376086094505524,0.6438103952924044
