,dist,cross_corr
0,2.388215057605554,0.9818212740886292
1,7.164645172816662,0.9435924229735653
2,11.941075288027768,0.907634627708341
3,16.717505403238878,0.873812972005319
4,21.493935518449984,0.8420005545293215
5,26.270365633661093,0.8120780127545044
6,31.0467957488722,0.7839330751073981
7,35.82322586408331,0.7574601397157203
8,40.59965597929441,0.7325598781824001
9,45.376086094505524,0.7091388628981385
