,dist,cross_corr
0,2.388215057605554,0.9776007865622354
1,7.164645172816662,0.9300042824344978
2,11.941075288027768,0.8861803471307883
3,16.717505403238878,0.8458299613051937
4,21.493935518449984,0.8086778063243394
5,26.270365633661093,0.7744703857141035
6,31.0467957488722,0.7429742955032231
7,35.82322586408331,0.7139746316620076
8,40.59965597929441,0.6872735237697973
9,45.376086094505524,0.6626887849060941
