,dist,cross_corr
0,2.388215057605554,0.9744682266451784
1,7.164645172816662,0.9206384435780002
2,11.941075288027768,0.8710809219056069
3,16.717505403238878,0.8254565887879205
4,21.493935518449984,0.7834532822829225
5,26.270365633661093,0.7447836155329033
6,31.0467957488722,0.7091830104619758
7,35.82322586408331,0.6764078875314035
8,40.59965597929441,0.6462339991670355
9,45.376086094505524,0.6184548954561511
