,dist,cross_corr
0,2.388215057605554,0.862265926169443
1,7.164645172816662,0.7308107535033089
2,11.941075288027768,0.6827943153837853
3,16.717505403238878,0.665255421455726
4,21.493935518449984,0.6588490153942436
5,26.270365633661093,0.6565089568481947
6,31.0467957488722,0.6556542070951531
7,35.82322586408331,0.6553419939064881
8,40.59965597929441,0.6552279522529755
9,45.376086094505524,0.6551862964254574
