,dist,cross_corr
0,2.388215057605554,0.978389813851398
1,7.164645172816662,0.9320929732016934
2,11.941075288027768,0.8886233869660491
3,16.717505403238878,0.8478084004360735
4,21.493935518449984,0.8094859025771888
5,26.270365633661093,0.7735036821477972
6,31.0467957488722,0.7397188231389489
7,35.82322586408331,0.707997137133284
8,40.59965597929441,0.6782126303286697
9,45.376086094505524,0.6502470031096215
