,dist,cross_corr
0,2.388215057605554,0.9731092026074274
1,7.164645172816662,0.9206450425366877
2,11.941075288027768,0.8727534528232564
3,16.717505403238878,0.8290359061745145
4,21.493935518449984,0.7891286093731114
5,26.270365633661093,0.752699475991238
6,31.0467957488722,0.7194453629512476
7,35.82322586408331,0.6890895479368087
8,40.59965597929441,0.6613794266630075
9,45.376086094505524,0.6360844108433519
