,dist,cross_corr
0,2.388215057605554,0.9810480989870701
1,7.164645172816662,0.9376580827020017
2,11.941075288027768,0.8971454582495044
3,16.717505403238878,0.8593194125240071
4,21.493935518449984,0.8240017861158464
5,26.270365633661093,0.7910262341864089
6,31.0467957488722,0.7602374429895077
7,35.82322586408331,0.7314903983488342
8,40.59965597929441,0.7046497026460409
9,45.376086094505524,0.6795889371024884
