,dist,cross_corr
0,2.388215057605554,0.9735613023553059
1,7.164645172816662,0.9258322980337088
2,11.941075288027768,0.8810161798409903
3,16.717505403238878,0.8389351752524471
4,21.493935518449984,0.7994223611446714
5,26.270365633661093,0.7623210016600002
6,31.0467957488722,0.7274839264808898
7,35.82322586408331,0.694772947048009
8,40.59965597929441,0.6640583084063596
9,45.376086094505524,0.6352181745050551
