,dist,cross_corr
0,2.388215057605554,0.975552685540717
1,7.164645172816662,0.9242529214598193
2,11.941075288027768,0.875793410970836
3,16.717505403238878,0.830016901099783
4,21.493935518449984,0.786774845312798
5,26.270365633661093,0.745926921476928
6,31.0467957488722,0.7073405765094152
7,35.82322586408331,0.6708905962378489
8,40.59965597929441,0.636458699075364
9,45.376086094505524,0.6039331521923452
