,dist,cross_corr
0,2.388215057605554,0.9705050579983842
1,7.164645172816662,0.9148285357550493
2,11.941075288027768,0.8632328326413582
3,16.717505403238878,0.815418844401192
4,21.493935518449984,0.7711093896701817
5,26.270365633661093,0.7300476031340365
6,31.0467957488722,0.6919954464605776
7,35.82322586408331,0.6567323283732317
8,40.59965597929441,0.6240538258664495
9,45.376086094505524,0.5937704991498318
