,dist,cross_corr
0,2.388215057605554,0.8414003038313923
1,7.164645172816662,0.6831125190982045
2,11.941075288027768,0.6217643407693323
3,16.717505403238878,0.597987401881628
4,21.493935518449984,0.5887720863128598
5,26.270365633661093,0.5852004725978623
6,31.0467957488722,0.5838162091470922
7,35.82322586408331,0.5832797050752516
8,40.59965597929441,0.5830717702208412
9,45.376086094505524,0.5829911801452984
