,dist,cross_corr
0,2.388215057605554,0.9774148869772961
1,7.164645172816662,0.9310814731255457
2,11.941075288027768,0.8878888102582039
3,16.717505403238878,0.8476239998226704
4,21.493935518449984,0.8100885747809492
5,26.270365633661093,0.7750975213568079
6,31.0467957488722,0.7424783670946623
7,35.82322586408331,0.7120703307351863
8,40.59965597929441,0.6837235297173481
9,45.376086094505524,0.657298241400613
