,dist,cross_corr
0,2.388215057605554,0.9784679667316705
1,7.164645172816662,0.9387023590283421
2,11.941075288027768,0.9013660570336453
3,16.717505403238878,0.8663106529508222
4,21.493935518449984,0.8333968053077279
5,26.270365633661093,0.8024936850894204
6,31.0467957488722,0.7734784557068559
7,35.82322586408331,0.746235784734619
8,40.59965597929441,0.7206573854768991
9,45.376086094505524,0.6966415865394864
