,dist,cross_corr
0,2.388215057605554,0.9806581750341877
1,7.164645172816662,0.9384612035995152
2,11.941075288027768,0.8985907827387516
3,16.717505403238878,0.8609186369527572
4,21.493935518449984,0.8253235632745198
5,26.270365633661093,0.7916910413216507
6,31.0467957488722,0.759912864848826
7,35.82322586408331,0.7298867936147643
8,40.59965597929441,0.701516224443688
9,45.376086094505524,0.6747098804229703
