,dist,cross_corr
0,2.388215057605554,0.9808753426295107
1,7.164645172816662,0.9434212426647759
2,11.941075288027768,0.9084880345075177
3,16.717505403238878,0.8759060465994559
4,21.493935518449984,0.8455170273240957
5,26.270365633661093,0.8171733763742496
6,31.0467957488722,0.7907374278532623
7,35.82322586408331,0.7660807816279429
8,40.59965597929441,0.7430836796855669
9,45.376086094505524,0.7216344244658945
