,dist,cross_corr
0,2.388215057605554,0.877723568516718
1,7.164645172816662,0.7493823779667699
2,11.941075288027768,0.6960028410178385
3,16.717505403238878,0.673801278505658
4,21.493935518449984,0.6645672272913542
5,26.270365633661093,0.6607266101374216
6,31.0467957488722,0.6591292245716764
7,35.82322586408331,0.658464841597956
8,40.59965597929441,0.6581885121098004
9,45.376086094505524,0.6580735814311939
