,dist,cross_corr
0,2.388215057605554,0.9761068437232884
1,7.164645172816662,0.9295495685147038
2,11.941075288027768,0.8855390605266552
3,16.717505403238878,0.8439360069826418
4,21.493935518449984,0.8046087157671884
5,26.270365633661093,0.7674326985618922
6,31.0467957488722,0.7322902767846865
7,35.82322586408331,0.699070209084936
8,40.59965597929441,0.6676673392152274
9,45.376086094505524,0.6379822631652089
