,dist,cross_corr
0,2.388215057605554,0.9619980722103345
1,7.164645172816662,0.9116233806861851
2,11.941075288027768,0.8685010841269247
3,16.717505403238878,0.8315870623377619
4,21.493935518449984,0.7999875160849741
5,26.270365633661093,0.7729373255344764
6,31.0467957488722,0.7497815244047787
7,35.82322586408331,0.7299594412679841
8,40.59965597929441,0.7129911240121374
9,45.376086094505524,0.6984657187604257
