,dist,cross_corr
0,2.388215057605554,0.9482251800945054
1,7.164645172816662,0.8849396005510042
2,11.941075288027768,0.8346103069373265
3,16.717505403238878,0.7945847937963652
4,21.493935518449984,0.7627535959557125
5,26.270365633661093,0.7374391133555167
6,31.0467957488722,0.7173071964693354
7,35.82322586408331,0.7012968326031989
8,40.59965597929441,0.6885642273289325
9,45.376086094505524,0.6784383339747423
